butter,soybeans,meat
cheese,rice,fish
cheese,soybeans,chicken
butter,wheat,meat
milk,beans,chicken
cheese,wheat,chicken
milk,rice,fish
bread,beans,chicken
cheese,beans,chicken
bread,rice,meat
milk,rice,chicken
butter,wheat,fish
butter,wheat,egg
butter,beans,chicken
bread,soybeans,egg
cheese,soybeans,fish
cheese,wheat,fish
cheese,wheat,egg
cheese,beans,egg
cheese,beans,egg
bread,soybeans,egg
cheese,beans,egg
milk,beans,fish
bread,beans,chicken
milk,beans,fish
milk,soybeans,fish
cheese,soybeans,fish
milk,soybeans,egg
bread,wheat,meat
cheese,soybeans,chicken
butter,wheat,chicken
cheese,soybeans,chicken
cheese,rice,fish
bread,beans,chicken
bread,soybeans,meat
bread,soybeans,fish
cheese,beans,egg
bread,wheat,meat
cheese,rice,fish
cheese,beans,meat
bread,rice,fish
cheese,rice,meat
cheese,beans,egg
cheese,wheat,egg
butter,beans,meat
milk,soybeans,meat
bread,wheat,meat
milk,wheat,egg
cheese,rice,egg
bread,soybeans,meat
cheese,rice,meat
milk,wheat,egg
cheese,beans,egg
cheese,rice,meat
milk,wheat,meat
cheese,beans,meat
butter,soybeans,fish
cheese,rice,meat
milk,rice,meat
cheese,beans,meat
bread,soybeans,meat
bread,beans,egg
milk,beans,meat
bread,rice,egg
butter,beans,meat
milk,soybeans,egg
bread,soybeans,chicken
milk,soybeans,egg
bread,beans,chicken
milk,rice,chicken
bread,soybeans,fish
bread,wheat,egg
butter,soybeans,meat
cheese,soybeans,chicken
milk,beans,egg
milk,wheat,meat
cheese,soybeans,fish
bread,soybeans,fish
bread,rice,chicken
cheese,wheat,fish
butter,beans,chicken
milk,soybeans,meat
butter,wheat,chicken
milk,rice,chicken
bread,wheat,fish
milk,soybeans,egg
milk,beans,chicken
milk,soybeans,meat
butter,beans,chicken
cheese,rice,egg
milk,wheat,fish
bread,beans,chicken
bread,beans,fish
butter,soybeans,egg
milk,beans,chicken
cheese,soybeans,egg
milk,soybeans,egg
butter,wheat,meat
cheese,soybeans,chicken
bread,beans,meat
butter,soybeans,meat
milk,beans,chicken
bread,rice,egg
milk,soybeans,chicken
milk,rice,chicken
milk,beans,chicken
butter,beans,meat
butter,beans,egg
milk,beans,meat
milk,rice,fish
bread,beans,meat
bread,rice,chicken
cheese,wheat,egg
butter,wheat,chicken
butter,beans,fish
butter,wheat,fish
butter,wheat,fish
cheese,soybeans,egg
cheese,rice,meat
butter,rice,meat
milk,wheat,egg
cheese,beans,egg
cheese,rice,meat
butter,beans,chicken
cheese,rice,meat
butter,rice,meat
bread,rice,fish
butter,rice,fish
milk,rice,fish
cheese,wheat,egg
bread,soybeans,meat
milk,beans,fish
milk,rice,egg
milk,soybeans,chicken
bread,beans,chicken
butter,wheat,meat
butter,beans,chicken
bread,beans,chicken
bread,beans,meat
milk,soybeans,fish
butter,wheat,egg
bread,rice,fish
cheese,beans,meat
butter,soybeans,fish
cheese,soybeans,fish
cheese,rice,fish
butter,beans,egg
cheese,soybeans,egg
butter,rice,meat
milk,rice,chicken
cheese,rice,fish
milk,rice,fish
bread,wheat,fish
milk,beans,chicken
butter,rice,egg
cheese,rice,meat
butter,wheat,meat
milk,soybeans,egg
cheese,soybeans,fish
milk,rice,meat
cheese,wheat,chicken
cheese,rice,chicken
bread,soybeans,fish
milk,wheat,chicken
bread,rice,egg
cheese,wheat,chicken
cheese,beans,fish
bread,rice,chicken
bread,beans,chicken
butter,soybeans,chicken
cheese,soybeans,egg
milk,wheat,fish
bread,rice,fish
cheese,rice,fish
cheese,beans,fish
milk,beans,fish
cheese,rice,egg
butter,wheat,egg
milk,rice,chicken
bread,soybeans,chicken
butter,rice,chicken
bread,rice,meat
butter,soybeans,fish
butter,rice,fish
bread,beans,egg
cheese,wheat,chicken
cheese,rice,fish
butter,soybeans,egg
bread,wheat,chicken
butter,wheat,fish
bread,rice,chicken
cheese,soybeans,egg
cheese,rice,meat
cheese,rice,egg
bread,beans,egg
butter,wheat,chicken
cheese,soybeans,meat
bread,soybeans,egg
bread,rice,meat
milk,rice,egg
cheese,beans,egg
bread,rice,meat
milk,wheat,meat
cheese,beans,fish
cheese,beans,fish
bread,soybeans,chicken
milk,beans,meat
butter,wheat,chicken
bread,soybeans,chicken
cheese,soybeans,meat
milk,beans,meat
butter,beans,chicken
milk,wheat,chicken
milk,wheat,chicken
bread,soybeans,fish
milk,soybeans,chicken
bread,rice,fish
butter,soybeans,fish
milk,wheat,chicken
cheese,rice,meat
butter,beans,chicken
bread,soybeans,chicken
cheese,soybeans,egg
bread,rice,chicken
bread,soybeans,fish
milk,soybeans,meat
cheese,soybeans,chicken
bread,rice,meat
milk,wheat,egg
bread,soybeans,egg
butter,soybeans,egg
cheese,beans,chicken
butter,beans,chicken
milk,soybeans,meat
milk,wheat,fish
butter,beans,fish
milk,rice,fish
butter,wheat,fish
butter,beans,fish
milk,wheat,chicken
butter,soybeans,meat
cheese,soybeans,egg
butter,soybeans,fish
cheese,soybeans,fish
milk,rice,meat
milk,beans,egg
milk,soybeans,egg
butter,soybeans,chicken
cheese,soybeans,chicken
milk,wheat,chicken
bread,wheat,chicken
bread,soybeans,meat
butter,soybeans,meat
milk,rice,egg
milk,soybeans,chicken
butter,rice,egg
butter,rice,fish
cheese,wheat,chicken
milk,rice,fish
milk,rice,fish
butter,wheat,egg
bread,beans,meat
bread,rice,fish
milk,soybeans,chicken
bread,rice,egg
bread,wheat,chicken
cheese,beans,fish
cheese,wheat,egg
milk,soybeans,egg
butter,soybeans,egg
butter,rice,fish
butter,beans,meat
bread,beans,chicken
milk,soybeans,fish
bread,soybeans,chicken
milk,wheat,fish
milk,beans,fish
bread,rice,fish
butter,soybeans,meat
butter,rice,chicken
milk,beans,fish
cheese,soybeans,egg
milk,rice,egg
milk,beans,chicken
cheese,soybeans,fish
milk,beans,egg
cheese,beans,meat
milk,wheat,egg
milk,beans,fish
bread,soybeans,egg
bread,soybeans,egg
milk,soybeans,meat
cheese,rice,chicken
bread,beans,fish
bread,wheat,chicken
milk,soybeans,fish
milk,wheat,meat
cheese,soybeans,fish
milk,wheat,egg
butter,soybeans,meat
cheese,beans,fish
bread,wheat,meat
bread,wheat,meat
bread,soybeans,meat
milk,wheat,meat
milk,beans,egg
bread,beans,chicken
cheese,soybeans,egg
butter,rice,chicken
cheese,wheat,egg
butter,rice,egg
butter,beans,chicken
milk,beans,egg
milk,soybeans,egg
bread,wheat,chicken
cheese,soybeans,egg
bread,wheat,meat
butter,soybeans,meat
milk,beans,chicken
milk,wheat,egg
cheese,wheat,egg
cheese,beans,chicken
bread,wheat,chicken
cheese,rice,egg
cheese,wheat,egg
butter,beans,meat
milk,rice,egg
butter,beans,meat
cheese,beans,egg
milk,soybeans,fish
bread,wheat,meat
cheese,rice,fish
cheese,soybeans,fish
bread,soybeans,fish
milk,rice,fish
butter,wheat,chicken
milk,rice,egg
butter,soybeans,chicken
milk,beans,chicken
butter,rice,fish
butter,beans,chicken
milk,beans,fish
butter,soybeans,meat
butter,soybeans,meat
milk,soybeans,meat
bread,beans,meat
milk,rice,fish
butter,beans,fish
milk,wheat,fish
bread,soybeans,egg
milk,rice,chicken
bread,rice,fish
milk,soybeans,meat
milk,wheat,egg
cheese,soybeans,egg
bread,rice,fish
milk,wheat,chicken
milk,soybeans,meat
cheese,soybeans,meat
bread,rice,egg
butter,soybeans,fish
cheese,wheat,fish
butter,rice,meat
butter,soybeans,chicken
cheese,wheat,egg
cheese,beans,meat
bread,wheat,egg
bread,beans,meat
butter,rice,egg
butter,wheat,egg
bread,soybeans,egg
bread,rice,fish
cheese,wheat,egg
cheese,wheat,fish
milk,rice,fish
cheese,rice,egg
bread,rice,fish
bread,wheat,meat
butter,soybeans,meat
butter,rice,egg
butter,rice,meat
butter,beans,chicken
butter,wheat,chicken
cheese,beans,chicken
bread,soybeans,egg
cheese,rice,egg
bread,wheat,egg
milk,rice,egg
cheese,rice,egg
bread,wheat,fish
cheese,wheat,meat
cheese,beans,fish
milk,soybeans,meat
cheese,wheat,chicken
butter,wheat,egg
bread,soybeans,meat
milk,soybeans,fish
milk,soybeans,chicken
butter,rice,fish
milk,soybeans,chicken
milk,beans,chicken
butter,soybeans,meat
milk,soybeans,fish
milk,soybeans,meat
milk,wheat,fish
butter,beans,meat
butter,soybeans,fish
cheese,wheat,meat
cheese,soybeans,chicken
butter,rice,meat
cheese,beans,chicken
bread,beans,chicken
cheese,wheat,meat
butter,beans,chicken
cheese,beans,fish
bread,rice,chicken
butter,soybeans,egg
cheese,beans,meat
cheese,wheat,fish
bread,wheat,chicken
cheese,wheat,fish
butter,soybeans,chicken
cheese,rice,fish
butter,rice,fish
bread,soybeans,chicken
bread,beans,egg
milk,wheat,chicken
milk,rice,meat
milk,rice,meat
butter,rice,egg
cheese,wheat,egg
butter,rice,fish
milk,beans,meat
milk,beans,meat
butter,soybeans,egg
milk,beans,fish
milk,wheat,meat
milk,beans,fish
butter,beans,fish
cheese,wheat,egg
bread,soybeans,meat
cheese,rice,egg
milk,rice,chicken
bread,wheat,fish
butter,beans,meat
milk,beans,meat
milk,rice,meat
cheese,wheat,chicken
cheese,rice,egg
butter,wheat,meat
butter,rice,chicken
cheese,wheat,fish
bread,beans,chicken
butter,rice,egg
butter,rice,meat
bread,wheat,egg
cheese,wheat,fish
butter,wheat,fish
bread,beans,chicken
cheese,rice,meat
milk,wheat,meat
butter,rice,egg
bread,rice,meat
bread,rice,egg
cheese,beans,fish
bread,wheat,meat
cheese,beans,egg
cheese,beans,egg
bread,wheat,egg
milk,wheat,meat
butter,soybeans,chicken
milk,soybeans,fish
bread,beans,meat
milk,rice,fish
butter,wheat,meat
bread,beans,meat
bread,beans,egg
butter,soybeans,egg
bread,wheat,egg
butter,rice,meat
cheese,soybeans,chicken
butter,beans,egg
butter,rice,fish
butter,soybeans,egg
bread,wheat,egg
butter,soybeans,meat
milk,beans,fish
bread,soybeans,chicken
milk,rice,fish
butter,wheat,meat
bread,soybeans,chicken
butter,wheat,meat
butter,soybeans,egg
bread,wheat,meat
butter,rice,fish
butter,beans,meat
butter,wheat,meat
bread,soybeans,fish
butter,rice,fish
bread,wheat,egg
bread,rice,fish
butter,beans,fish
bread,wheat,fish
butter,rice,egg
butter,wheat,meat
bread,beans,meat
butter,wheat,chicken
bread,rice,egg
butter,beans,egg
cheese,wheat,chicken
bread,beans,egg
milk,rice,meat
butter,beans,chicken
butter,rice,chicken
bread,soybeans,chicken
cheese,soybeans,egg
butter,soybeans,fish
milk,soybeans,chicken
cheese,rice,fish
bread,soybeans,meat
butter,soybeans,fish
butter,rice,chicken
cheese,beans,fish
cheese,wheat,egg
bread,soybeans,fish
bread,beans,chicken
milk,rice,chicken
cheese,wheat,chicken
bread,rice,chicken
bread,beans,egg
butter,wheat,meat
butter,beans,fish
cheese,soybeans,meat
bread,soybeans,egg
butter,wheat,fish
milk,rice,egg
cheese,rice,meat
butter,wheat,egg
butter,beans,chicken
bread,wheat,meat
cheese,rice,egg
milk,beans,chicken
cheese,wheat,meat
bread,beans,fish
bread,wheat,egg
butter,rice,chicken
milk,wheat,fish
bread,rice,chicken
bread,soybeans,meat
bread,rice,meat
butter,wheat,fish
milk,wheat,egg
bread,soybeans,egg
bread,beans,fish
milk,soybeans,fish
bread,beans,egg
butter,beans,meat
cheese,rice,egg
cheese,rice,egg
butter,rice,fish
butter,wheat,chicken
cheese,beans,fish
milk,wheat,chicken
bread,wheat,chicken
milk,soybeans,egg
butter,wheat,meat
milk,rice,meat
butter,beans,fish
bread,beans,chicken
cheese,soybeans,meat
cheese,soybeans,chicken
cheese,soybeans,egg
bread,soybeans,chicken
cheese,wheat,meat
milk,rice,chicken
milk,rice,chicken
butter,rice,chicken
milk,beans,egg
milk,rice,chicken
butter,soybeans,chicken
milk,beans,egg
milk,wheat,meat
butter,rice,meat
butter,soybeans,egg
milk,wheat,egg
cheese,wheat,fish
cheese,rice,meat
butter,soybeans,fish
milk,soybeans,meat
butter,rice,chicken
butter,soybeans,meat
milk,beans,meat
milk,soybeans,fish
milk,wheat,egg
cheese,wheat,egg
cheese,beans,meat
milk,rice,meat
cheese,wheat,chicken
milk,beans,meat
cheese,rice,chicken
butter,beans,meat
milk,soybeans,fish
bread,beans,egg
butter,rice,fish
milk,beans,egg
bread,soybeans,fish
milk,wheat,fish
cheese,wheat,egg
butter,beans,meat
cheese,wheat,meat
milk,beans,fish
cheese,wheat,egg
cheese,wheat,meat
cheese,wheat,egg
milk,beans,chicken
butter,wheat,meat
bread,wheat,fish
cheese,rice,egg
bread,beans,egg
milk,soybeans,fish
milk,wheat,fish
cheese,beans,meat
cheese,rice,fish
milk,wheat,fish
butter,beans,chicken
cheese,wheat,egg
milk,wheat,egg
milk,wheat,egg
butter,rice,chicken
cheese,beans,meat
butter,soybeans,meat
milk,wheat,chicken
milk,soybeans,fish
milk,rice,fish
bread,wheat,chicken
butter,beans,meat
bread,soybeans,fish
butter,beans,egg
milk,wheat,egg
bread,soybeans,meat
bread,soybeans,egg
bread,rice,meat
milk,wheat,fish
cheese,beans,meat
butter,soybeans,meat
butter,beans,meat
bread,rice,egg
cheese,wheat,meat
butter,beans,egg
cheese,soybeans,fish
bread,rice,egg
butter,beans,fish
cheese,rice,egg
milk,rice,egg
cheese,rice,fish
cheese,rice,meat
milk,beans,fish
butter,soybeans,egg
bread,soybeans,fish
bread,rice,meat
cheese,beans,chicken
butter,wheat,fish
cheese,beans,chicken
cheese,beans,fish
butter,beans,chicken
milk,rice,meat
bread,beans,fish
butter,wheat,chicken
bread,soybeans,fish
butter,wheat,egg
butter,beans,meat
cheese,rice,meat
cheese,beans,meat
milk,beans,egg
bread,soybeans,chicken
butter,wheat,egg
bread,beans,meat
milk,wheat,fish
cheese,beans,chicken
butter,wheat,fish
bread,beans,fish
milk,wheat,chicken
cheese,wheat,fish
milk,soybeans,chicken
cheese,rice,fish
butter,beans,fish
cheese,soybeans,fish
milk,beans,meat
milk,rice,meat
cheese,wheat,egg
cheese,wheat,chicken
butter,beans,egg
milk,beans,meat
milk,rice,chicken
butter,beans,meat
bread,beans,meat
butter,rice,meat
milk,rice,fish
bread,wheat,meat
bread,rice,fish
butter,beans,fish
cheese,rice,fish
milk,wheat,meat
milk,beans,chicken
butter,wheat,fish
butter,rice,meat
bread,beans,egg
milk,beans,meat
butter,soybeans,meat
butter,soybeans,fish
butter,soybeans,meat
milk,beans,chicken
butter,beans,meat
milk,soybeans,fish
butter,wheat,fish
milk,soybeans,meat
bread,soybeans,chicken
butter,wheat,egg
cheese,soybeans,egg
butter,beans,egg
bread,rice,egg
milk,soybeans,meat
milk,rice,chicken
milk,beans,egg
milk,rice,fish
butter,rice,meat
cheese,beans,egg
milk,soybeans,chicken
cheese,rice,egg
cheese,wheat,egg
milk,soybeans,egg
butter,soybeans,meat
cheese,wheat,fish
butter,rice,egg
milk,beans,chicken
butter,wheat,fish
butter,rice,fish
butter,wheat,egg
butter,beans,meat
milk,wheat,meat
bread,rice,chicken
milk,wheat,fish
bread,beans,egg
milk,beans,chicken
milk,beans,chicken
butter,soybeans,meat
butter,wheat,meat
bread,wheat,meat
cheese,wheat,meat
bread,wheat,meat
butter,soybeans,egg
bread,beans,meat
butter,soybeans,fish
butter,beans,fish
bread,wheat,chicken
cheese,rice,fish
bread,soybeans,fish
bread,wheat,meat
milk,rice,egg
butter,rice,egg
butter,wheat,fish
cheese,soybeans,meat
milk,wheat,egg
butter,wheat,meat
butter,soybeans,chicken
cheese,beans,fish
butter,wheat,chicken
butter,rice,fish
butter,soybeans,egg
butter,beans,chicken
milk,beans,egg
cheese,rice,egg
cheese,soybeans,meat
milk,rice,egg
butter,beans,chicken
cheese,wheat,meat
cheese,soybeans,egg
butter,rice,chicken
butter,wheat,chicken
milk,beans,fish
milk,rice,meat
milk,beans,meat
bread,rice,meat
bread,rice,fish
butter,rice,egg
butter,wheat,egg
cheese,rice,chicken
milk,beans,meat
milk,beans,fish
milk,rice,fish
cheese,wheat,meat
milk,beans,meat
milk,rice,egg
milk,wheat,chicken
butter,wheat,chicken
bread,rice,egg
butter,wheat,chicken
milk,soybeans,meat
butter,wheat,chicken
cheese,wheat,chicken
butter,soybeans,chicken
butter,wheat,fish
butter,beans,fish
butter,soybeans,chicken
bread,soybeans,meat
bread,soybeans,chicken
bread,wheat,egg
bread,soybeans,egg
milk,soybeans,egg
butter,soybeans,meat
milk,rice,meat
bread,beans,meat
butter,wheat,fish
butter,wheat,meat
butter,rice,egg
cheese,rice,fish
butter,rice,meat
milk,soybeans,fish
butter,soybeans,fish
milk,rice,meat
butter,beans,chicken
cheese,wheat,fish
butter,rice,chicken
cheese,soybeans,meat
bread,rice,chicken
butter,beans,egg
milk,wheat,egg
cheese,beans,egg
milk,soybeans,fish
bread,rice,egg
butter,wheat,chicken
cheese,beans,meat
bread,beans,fish
butter,rice,egg
milk,wheat,egg
milk,soybeans,egg
butter,soybeans,meat
milk,soybeans,fish
cheese,soybeans,egg
milk,wheat,chicken
butter,wheat,chicken
cheese,rice,fish
milk,soybeans,chicken
bread,wheat,chicken
cheese,beans,chicken
butter,soybeans,chicken
bread,wheat,meat
bread,rice,meat
butter,soybeans,chicken
milk,rice,egg
butter,rice,chicken
bread,beans,egg
milk,soybeans,chicken
bread,beans,meat
butter,rice,chicken
cheese,rice,egg
milk,wheat,fish
bread,wheat,egg
bread,rice,egg
butter,beans,egg
milk,soybeans,chicken
butter,wheat,fish
milk,beans,fish
milk,wheat,fish
butter,soybeans,meat
butter,rice,meat
bread,wheat,chicken
bread,wheat,fish
butter,beans,chicken
cheese,rice,egg
butter,wheat,chicken
butter,soybeans,chicken
butter,rice,egg
bread,soybeans,egg
butter,beans,meat
cheese,beans,meat
butter,beans,chicken
milk,wheat,egg
butter,beans,fish
milk,soybeans,meat
bread,wheat,chicken
bread,wheat,egg
cheese,rice,meat
cheese,rice,egg
bread,wheat,egg
butter,rice,fish
cheese,beans,fish
bread,soybeans,chicken
bread,rice,meat
butter,rice,chicken
bread,beans,chicken
cheese,soybeans,egg
bread,beans,meat
bread,soybeans,meat
milk,soybeans,meat
butter,beans,fish
milk,wheat,fish
butter,soybeans,fish
butter,beans,fish
milk,soybeans,fish
butter,wheat,chicken
butter,rice,egg
milk,wheat,chicken
butter,soybeans,chicken
butter,rice,meat
cheese,soybeans,chicken
bread,beans,egg
cheese,rice,egg
butter,soybeans,chicken
milk,soybeans,egg
butter,beans,fish
cheese,beans,meat
butter,soybeans,egg
butter,wheat,chicken
bread,rice,chicken
milk,rice,chicken
bread,soybeans,chicken
bread,beans,chicken
cheese,wheat,chicken
butter,rice,fish
bread,soybeans,fish
milk,wheat,egg
butter,beans,fish
cheese,wheat,meat
cheese,rice,meat
milk,beans,meat
bread,soybeans,chicken
cheese,rice,egg
cheese,rice,egg
butter,soybeans,meat
milk,rice,chicken
milk,wheat,egg
cheese,wheat,fish
bread,rice,fish
bread,rice,meat
cheese,beans,chicken
milk,soybeans,meat
bread,soybeans,chicken
bread,rice,meat
butter,rice,egg
butter,wheat,meat
bread,rice,chicken
butter,wheat,meat
milk,soybeans,chicken
cheese,beans,chicken
milk,soybeans,fish
cheese,wheat,chicken
cheese,wheat,meat
cheese,rice,meat
milk,rice,chicken
cheese,wheat,chicken
bread,soybeans,egg
butter,soybeans,fish
milk,beans,meat
bread,rice,fish
milk,wheat,fish
bread,rice,fish
cheese,beans,egg
milk,beans,fish
milk,rice,egg
bread,rice,chicken
butter,wheat,egg
milk,beans,chicken
milk,soybeans,egg
milk,beans,chicken
cheese,rice,fish
cheese,beans,meat
bread,rice,meat
bread,wheat,meat
milk,rice,egg
butter,beans,fish
butter,soybeans,fish
bread,rice,chicken
milk,wheat,fish
milk,wheat,egg
milk,rice,meat
bread,wheat,fish
milk,rice,fish
cheese,wheat,egg
cheese,beans,chicken
milk,beans,egg
cheese,soybeans,egg
butter,wheat,egg
cheese,beans,meat
milk,soybeans,fish
cheese,beans,meat
cheese,rice,meat
cheese,beans,chicken
bread,wheat,egg
butter,soybeans,fish
milk,beans,egg
milk,soybeans,fish
cheese,beans,fish
milk,beans,fish
milk,beans,meat
bread,rice,meat
milk,rice,chicken
bread,rice,chicken
cheese,soybeans,egg
milk,beans,chicken